club_id,club_code,name,domestic_competition_id,total_market_value,squad_size,average_age,foreigners_number,foreigners_percentage,national_team_players,stadium_name,stadium_seats,net_transfer_record,coach_name,last_season,filename,url
105,sv-darmstadt-98,SV Darmstadt 98,L1,,27,25.6,13,48.1,1,Merck-Stadion am Böllenfalltor,17810,+€3.05m,,2023,../data/raw/transfermarkt-scraper/2023/clubs.json.gz,https://www.transfermarkt.co.uk/sv-darmstadt-98/startseite/verein/105
12,as-rom,Roma,IT1,,26,26.3,18,69.2,17,Olimpico di Roma,70634,€-76.90m,,2024,../data/raw/transfermarkt-scraper/2024/clubs.json.gz,https://www.transfermarkt.co.uk/as-rom/startseite/verein/12
148,tottenham-hotspur,Tottenham,GB1,,30,25.5,21,70.0,18,Tottenham Hotspur Stadium,62850,€-120.05m,,2024,../data/raw/transfermarkt-scraper/2024/clubs.json.gz,https://www.transfermarkt.co.uk/tottenham-hotspur/startseite/verein/148
269,holstein-kiel,Holstein Kiel,L1,,29,26.3,11,37.9,4,Holstein-Stadion,15034,€-6.20m,,2024,../data/raw/transfermarkt-scraper/2024/clubs.json.gz,https://www.transfermarkt.co.uk/holstein-kiel/startseite/verein/269
4795,fc-ingolstadt-04,FC Ingolstadt 04,L1,,28,24.3,8,28.6,1,Audi Sportpark,15800,+€1.55m,,2016,../data/raw/transfermarkt-scraper/2016/clubs.json.gz,https://www.transfermarkt.co.uk/fc-ingolstadt-04/startseite/verein/4795
5358,sd-huesca,SD Huesca,ES1,,24,27.5,8,33.3,2,El Alcoraz,9128,+€1.43m,,2020,../data/raw/transfermarkt-scraper/2020/clubs.json.gz,https://www.transfermarkt.co.uk/sd-huesca/startseite/verein/5358
603,cardiff-city,Cardiff City,GB1,,28,25.5,24,85.7,8,Cardiff City Stadium,33280,€-655k,,2018,../data/raw/transfermarkt-scraper/2018/clubs.json.gz,https://www.transfermarkt.co.uk/cardiff-city/startseite/verein/603
969,montpellier-hsc,Montpellier,FR1,,25,26.7,15,60.0,6,Stade de la Mosson,22000,+€27.00m,,2024,../data/raw/transfermarkt-scraper/2024/clubs.json.gz,https://www.transfermarkt.co.uk/montpellier-hsc/startseite/verein/969
989,afc-bournemouth,Bournemouth,GB1,,25,24.9,18,72.0,15,Vitality Stadium,11307,€-60.79m,,2024,../data/raw/transfermarkt-scraper/2024/clubs.json.gz,https://www.transfermarkt.co.uk/afc-bournemouth/startseite/verein/989
993,fc-cordoba,Córdoba CF,ES1,,24,27.9,4,16.7,0,Nuevo Arcángel,21822,+-0,,2014,../data/raw/transfermarkt-scraper/2014/clubs.json.gz,https://www.transfermarkt.co.uk/fc-cordoba/startseite/verein/993
1025,fc-bologna,Bologna,IT1,,28,26.3,19,67.9,14,Stadio Renato Dall’Ara,36462,+€51.67m,,2024,../data/raw/transfermarkt-scraper/2024/clubs.json.gz,https://www.transfermarkt.co.uk/fc-bologna/startseite/verein/1025
1082,losc-lille,Lille,FR1,,26,27.3,18,69.2,12,Decathlon Arena-Stade Pierre-Mauroy,50186,+€39.00m,,2024,../data/raw/transfermarkt-scraper/2024/clubs.json.gz,https://www.transfermarkt.co.uk/losc-lille/startseite/verein/1082
1160,nimes-olympique,Nîmes Olympique,FR1,,26,25.4,12,46.2,3,Stade des Antonins,8033,+€2.50m,,2020,../data/raw/transfermarkt-scraper/2020/clubs.json.gz,https://www.transfermarkt.co.uk/nimes-olympique/startseite/verein/1160
3008,hull-city,Hull City,GB1,,28,25.0,17,60.7,6,MKM Stadium,25586,+€7.50m,,2016,../data/raw/transfermarkt-scraper/2016/clubs.json.gz,https://www.transfermarkt.co.uk/hull-city/startseite/verein/3008
31,fc-liverpool,Liverpool,GB1,,25,26.6,18,72.0,22,Anfield,61276,+€5.00m,,2024,../data/raw/transfermarkt-scraper/2024/clubs.json.gz,https://www.transfermarkt.co.uk/fc-liverpool/startseite/verein/31
3911,stade-brest-29,Brest,FR1,,27,26.9,11,40.7,5,Stade Francis-Le Blé,15220,€-5.80m,,2024,../data/raw/transfermarkt-scraper/2024/clubs.json.gz,https://www.transfermarkt.co.uk/stade-brest-29/startseite/verein/3911
4,1-fc-nurnberg,1.FC Nuremberg,L1,,33,25.2,7,21.2,2,Max-Morlock-Stadion,50000,+€2.63m,,2018,../data/raw/transfermarkt-scraper/2018/clubs.json.gz,https://www.transfermarkt.co.uk/1-fc-nurnberg/startseite/verein/4
410,udinese-calcio,Udinese,IT1,,30,26.0,26,86.7,10,Bluenergy Stadium,25144,€-270k,,2024,../data/raw/transfermarkt-scraper/2024/clubs.json.gz,https://www.transfermarkt.co.uk/udinese-calcio/startseite/verein/410
595,sc-bastia,SC Bastia,FR1,,25,27.6,8,32.0,6,Stade Armand-Cesari,16480,+€480k,,2016,../data/raw/transfermarkt-scraper/2016/clubs.json.gz,https://www.transfermarkt.co.uk/sc-bastia/startseite/verein/595
1010,fc-watford,Watford FC,GB1,,30,26.3,24,80.0,12,Vicarage Road,21577,+€42.02m,,2021,../data/raw/transfermarkt-scraper/2021/clubs.json.gz,https://www.transfermarkt.co.uk/fc-watford/startseite/verein/1010
1108,deportivo-alaves,Alavés,ES1,,25,26.5,10,40.0,4,Mendizorroza,19840,+€9.79m,,2024,../data/raw/transfermarkt-scraper/2024/clubs.json.gz,https://www.transfermarkt.co.uk/deportivo-alaves/startseite/verein/1108
1158,fc-lorient,FC Lorient,FR1,,30,25.0,17,56.7,8,Stade du Moustoir,16787,+€4.80m,,2023,../data/raw/transfermarkt-scraper/2023/clubs.json.gz,https://www.transfermarkt.co.uk/fc-lorient/startseite/verein/1158
13,atletico-madrid,Atlético Madrid,ES1,,23,29.3,16,69.6,16,Riyadh Air Metropolitano,70460,€-91.10m,,2024,../data/raw/transfermarkt-scraper/2024/clubs.json.gz,https://www.transfermarkt.co.uk/atletico-madrid/startseite/verein/13
131,fc-barcelona,Barcelona,ES1,,26,25.0,8,30.8,14,Olímpic Lluís Companys,55926,+€6.10m,,2024,../data/raw/transfermarkt-scraper/2024/clubs.json.gz,https://www.transfermarkt.co.uk/fc-barcelona/startseite/verein/131
18,borussia-monchengladbach,Gladbach,L1,,26,26.4,14,53.8,12,Stadion im Borussia-Park,54042,€-7.70m,,2024,../data/raw/transfermarkt-scraper/2024/clubs.json.gz,https://www.transfermarkt.co.uk/borussia-monchengladbach/startseite/verein/18
2036,1-fc-heidenheim-1846,Heidenheim,L1,,28,26.9,4,14.3,1,Voith-Arena,15000,+€7.45m,,2024,../data/raw/transfermarkt-scraper/2024/clubs.json.gz,https://www.transfermarkt.co.uk/1-fc-heidenheim-1846/startseite/verein/2036
273,fc-stade-rennes,Rennes,FR1,,30,25.2,17,56.7,11,Roazhon Park,29778,+€22.35m,,2024,../data/raw/transfermarkt-scraper/2024/clubs.json.gz,https://www.transfermarkt.co.uk/fc-stade-rennes/startseite/verein/273
366,real-valladolid,Valladolid,ES1,,26,27.0,18,69.2,7,José Zorrilla,27618,+€975k,,2024,../data/raw/transfermarkt-scraper/2024/clubs.json.gz,https://www.transfermarkt.co.uk/real-valladolid/startseite/verein/366
458,palermo-fc,Palermo FC,IT1,,28,25.6,7,25.0,4,"Comunale Renzo Barbera ""La Favorita""",36365,€-7.94m,,2016,../data/raw/transfermarkt-scraper/2016/clubs.json.gz,https://www.transfermarkt.co.uk/palermo-fc/startseite/verein/458
46,inter-mailand,Inter,IT1,,25,29.4,18,72.0,18,Giuseppe Meazza,75923,€-75.91m,,2024,../data/raw/transfermarkt-scraper/2024/clubs.json.gz,https://www.transfermarkt.co.uk/inter-mailand/startseite/verein/46
995,fc-nantes,Nantes,FR1,,26,27.1,13,50.0,8,Stade de la Beaujoire,35322,+€1.05m,,2024,../data/raw/transfermarkt-scraper/2024/clubs.json.gz,https://www.transfermarkt.co.uk/fc-nantes/startseite/verein/995
1003,leicester-city,Leicester City,GB1,,29,26.9,21,72.4,15,King Power Stadium,32259,€-41.80m,,2024,../data/raw/transfermarkt-scraper/2024/clubs.json.gz,https://www.transfermarkt.co.uk/leicester-city/startseite/verein/1003
1047,como-1907,Como,IT1,,32,26.6,23,71.9,6,Giuseppe Sinigaglia,13602,€-93.00m,,2024,../data/raw/transfermarkt-scraper/2024/clubs.json.gz,https://www.transfermarkt.co.uk/como-1907/startseite/verein/1047
1237,brighton-amp-hove-albion,Brighton,GB1,,28,26.2,20,71.4,17,AMEX Stadium,31876,€-229.96m,,2024,../data/raw/transfermarkt-scraper/2024/clubs.json.gz,https://www.transfermarkt.co.uk/brighton-amp-hove-albion/startseite/verein/1237
2969,dijon-fco,Dijon FCO,FR1,,29,25.8,14,48.3,4,Stade Gaston-Gérard,16098,+€1.50m,,2020,../data/raw/transfermarkt-scraper/2020/clubs.json.gz,https://www.transfermarkt.co.uk/dijon-fco/startseite/verein/2969
3522,spezia-calcio,Spezia Calcio,IT1,,32,24.4,25,78.1,11,Alberto Picco,11676,€-3.95m,,2022,../data/raw/transfermarkt-scraper/2022/clubs.json.gz,https://www.transfermarkt.co.uk/spezia-calcio/startseite/verein/3522
40,fc-girondins-bordeaux,FC Girondins Bordeaux,FR1,,26,22.7,13,50.0,6,Matmut Atlantique,42115,+€12.70m,,2021,../data/raw/transfermarkt-scraper/2021/clubs.json.gz,https://www.transfermarkt.co.uk/fc-girondins-bordeaux/startseite/verein/40
6195,ssc-neapel,Napoli,IT1,,25,28.0,14,56.0,14,Diego Armando Maradona,54726,€-69.00m,,2024,../data/raw/transfermarkt-scraper/2024/clubs.json.gz,https://www.transfermarkt.co.uk/ssc-neapel/startseite/verein/6195
82,vfl-wolfsburg,Wolfsburg,L1,,30,25.7,21,70.0,14,Volkswagen Arena,28917,€-19.05m,,2024,../data/raw/transfermarkt-scraper/2024/clubs.json.gz,https://www.transfermarkt.co.uk/vfl-wolfsburg/startseite/verein/82
1050,fc-villarreal,Villarreal,ES1,,24,27.4,11,45.8,11,La Cerámica,23500,+€11.50m,,2024,../data/raw/transfermarkt-scraper/2024/clubs.json.gz,https://www.transfermarkt.co.uk/fc-villarreal/startseite/verein/1050
1147,ac-ajaccio,AC Ajaccio,FR1,,24,27.5,11,45.8,6,Stade François-Coty,10446,+-0,,2022,../data/raw/transfermarkt-scraper/2022/clubs.json.gz,https://www.transfermarkt.co.uk/ac-ajaccio/startseite/verein/1147
130,parma-calcio-1913,Parma,IT1,,31,24.8,24,77.4,9,Ennio Tardini,22352,€-40.35m,,2024,../data/raw/transfermarkt-scraper/2024/clubs.json.gz,https://www.transfermarkt.co.uk/parma-calcio-1913/startseite/verein/130
1429,cesena-fc,Cesena FC,IT1,,28,26.0,4,14.3,0,Orogel Stadium - Dino Manuzzi,23860,+€335k,,2014,../data/raw/transfermarkt-scraper/2014/clubs.json.gz,https://www.transfermarkt.co.uk/cesena-fc/startseite/verein/1429
15,bayer-04-leverkusen,Leverkusen,L1,,26,26.8,20,76.9,16,BayArena,30210,€-21.85m,,2024,../data/raw/transfermarkt-scraper/2024/clubs.json.gz,https://www.transfermarkt.co.uk/bayer-04-leverkusen/startseite/verein/15
2722,spal,SPAL,IT1,,32,26.0,8,25.0,2,Paolo Mazza,16134,+€2.75m,,2019,../data/raw/transfermarkt-scraper/2019/clubs.json.gz,https://www.transfermarkt.co.uk/spal/startseite/verein/2722
276,hellas-verona,Hellas Verona,IT1,,32,25.3,24,75.0,7,Marcantonio Bentegodi,39211,+€29.02m,,2024,../data/raw/transfermarkt-scraper/2024/clubs.json.gz,https://www.transfermarkt.co.uk/hellas-verona/startseite/verein/276
703,nottingham-forest,Nott'ham Forest,GB1,,24,27.2,19,79.2,12,The City Ground,30404,€-18.80m,,2024,../data/raw/transfermarkt-scraper/2024/clubs.json.gz,https://www.transfermarkt.co.uk/nottingham-forest/startseite/verein/703
80,vfl-bochum,Bochum,L1,,27,27.4,13,48.1,4,Vonovia Ruhrstadion,26000,+€4.80m,,2024,../data/raw/transfermarkt-scraper/2024/clubs.json.gz,https://www.transfermarkt.co.uk/vfl-bochum/startseite/verein/80
1031,luton-town,Luton Town,GB1,,30,26.1,16,53.3,7,Kenilworth Road,11850,+€9.00m,,2023,../data/raw/transfermarkt-scraper/2023/clubs.json.gz,https://www.transfermarkt.co.uk/luton-town/startseite/verein/1031
1071,wigan-athletic,Wigan Athletic,GB1,,26,24.0,8,30.8,2,DW Stadium,25133,+€290k,,2012,../data/raw/transfermarkt-scraper/2012/clubs.json.gz,https://www.transfermarkt.co.uk/wigan-athletic/startseite/verein/1071
1110,huddersfield-town,Huddersfield Town,GB1,,33,26.7,12,36.4,3,John Smith's Stadium,24500,+€11.28m,,2018,../data/raw/transfermarkt-scraper/2018/clubs.json.gz,https://www.transfermarkt.co.uk/huddersfield-town/startseite/verein/1110
1159,as-nancy-lorraine,AS Nancy-Lorraine,FR1,,27,25.7,5,18.5,0,Stade Marcel-Picot,20087,+-0,,2016,../data/raw/transfermarkt-scraper/2016/clubs.json.gz,https://www.transfermarkt.co.uk/as-nancy-lorraine/startseite/verein/1159
1421,stade-reims,Reims,FR1,,25,24.9,19,76.0,8,Stade Auguste-Delaune,20519,+€39.35m,,2024,../data/raw/transfermarkt-scraper/2024/clubs.json.gz,https://www.transfermarkt.co.uk/stade-reims/startseite/verein/1421
1423,fc-valenciennes,Valenciennes FC,FR1,,30,23.6,15,50.0,5,Stade du Hainaut,25000,+€2.52m,,2013,../data/raw/transfermarkt-scraper/2013/clubs.json.gz,https://www.transfermarkt.co.uk/fc-valenciennes/startseite/verein/1423
162,as-monaco,Monaco,FR1,,26,24.4,26,100.0,12,Stade Louis-II,18525,€-41.25m,,2024,../data/raw/transfermarkt-scraper/2024/clubs.json.gz,https://www.transfermarkt.co.uk/as-monaco/startseite/verein/162
24,eintracht-frankfurt,Eint Frankfurt,L1,,27,25.4,20,74.1,10,Deutsche Bank Park,58000,+€48.19m,,2024,../data/raw/transfermarkt-scraper/2024/clubs.json.gz,https://www.transfermarkt.co.uk/eintracht-frankfurt/startseite/verein/24
331,ca-osasuna,Osasuna,ES1,,22,28.5,2,9.1,3,El Sadar,23576,+€700k,,2024,../data/raw/transfermarkt-scraper/2024/clubs.json.gz,https://www.transfermarkt.co.uk/ca-osasuna/startseite/verein/331
3709,fc-getafe,Getafe,ES1,,24,27.2,10,41.7,4,Coliseum,16800,+€21.60m,,2024,../data/raw/transfermarkt-scraper/2024/clubs.json.gz,https://www.transfermarkt.co.uk/fc-getafe/startseite/verein/3709
750,fc-sochaux-montbeliard,FC Sochaux-Montbéliard,FR1,,29,23.0,9,31.0,1,Stade Auguste-Bonal,20005,+€6.30m,,2013,../data/raw/transfermarkt-scraper/2013/clubs.json.gz,https://www.transfermarkt.co.uk/fc-sochaux-montbeliard/startseite/verein/750
762,newcastle-united,Newcastle Utd,GB1,,27,28.7,11,40.7,13,St James' Park,52258,+€21.35m,,2024,../data/raw/transfermarkt-scraper/2024/clubs.json.gz,https://www.transfermarkt.co.uk/newcastle-united/startseite/verein/762
1041,olympique-lyon,Lyon,FR1,,23,26.6,16,69.6,12,Groupama Stadium,59186,€-79.74m,,2024,../data/raw/transfermarkt-scraper/2024/clubs.json.gz,https://www.transfermarkt.co.uk/olympique-lyon/startseite/verein/1041
1084,fc-malaga,Málaga CF,ES1,,27,27.9,8,29.6,0,La Rosaleda,30044,+€950k,,2017,../data/raw/transfermarkt-scraper/2017/clubs.json.gz,https://www.transfermarkt.co.uk/fc-malaga/startseite/verein/1084
1148,fc-brentford,Brentford,GB1,,26,25.4,21,80.8,12,Gtech Community Stadium,17250,€-23.90m,,2024,../data/raw/transfermarkt-scraper/2024/clubs.json.gz,https://www.transfermarkt.co.uk/fc-brentford/startseite/verein/1148
1162,sm-caen,SM Caen,FR1,,27,25.7,12,44.4,4,Stade Michel-d'Ornano,20500,+€3.05m,,2018,../data/raw/transfermarkt-scraper/2018/clubs.json.gz,https://www.transfermarkt.co.uk/sm-caen/startseite/verein/1162
142,real-saragossa,Real Zaragoza,ES1,,23,26.0,6,26.1,1,La Romareda,33608,+€30k,,2012,../data/raw/transfermarkt-scraper/2012/clubs.json.gz,https://www.transfermarkt.co.uk/real-saragossa/startseite/verein/142
16,borussia-dortmund,Dortmund,L1,,28,25.2,14,50.0,18,SIGNAL IDUNA PARK,81365,€-30.60m,,2024,../data/raw/transfermarkt-scraper/2024/clubs.json.gz,https://www.transfermarkt.co.uk/borussia-dortmund/startseite/verein/16
2288,swansea-city,Swansea City,GB1,,22,24.8,17,77.3,4,Swansea.com Stadium,21088,+€8.35m,,2017,../data/raw/transfermarkt-scraper/2017/clubs.json.gz,https://www.transfermarkt.co.uk/swansea-city/startseite/verein/2288
237,rcd-mallorca,Mallorca,ES1,,24,28.9,10,41.7,7,Mallorca Son Moix,26020,+€11.65m,,2024,../data/raw/transfermarkt-scraper/2024/clubs.json.gz,https://www.transfermarkt.co.uk/rcd-mallorca/startseite/verein/237
35,fc-st-pauli,St. Pauli,L1,,34,26.6,19,55.9,9,Millerntor-Stadion,29546,€-750k,,2024,../data/raw/transfermarkt-scraper/2024/clubs.json.gz,https://www.transfermarkt.co.uk/fc-st-pauli/startseite/verein/35
3558,gfc-ajaccio,GFC Ajaccio,FR1,,5,26.8,1,20.0,1,Stade Ange-Casanova,4050,+-0,,2015,../data/raw/transfermarkt-scraper/2015/clubs.json.gz,https://www.transfermarkt.co.uk/gfc-ajaccio/startseite/verein/3558
4102,carpi-fc-1909,AC Carpi,IT1,,25,23.6,6,24.0,1,Sandro Cabassi,5510,+-0,,2015,../data/raw/transfermarkt-scraper/2015/clubs.json.gz,https://www.transfermarkt.co.uk/carpi-fc-1909/startseite/verein/4102
42,hannover-96,Hannover 96,L1,,28,25.0,6,21.4,1,Heinz-von-Heiden-Arena,49000,€-300k,,2018,../data/raw/transfermarkt-scraper/2018/clubs.json.gz,https://www.transfermarkt.co.uk/hannover-96/startseite/verein/42
641,fc-middlesbrough,Middlesbrough FC,GB1,,25,26.1,8,32.0,6,Riverside Stadium,33746,+€16.68m,,2016,../data/raw/transfermarkt-scraper/2016/clubs.json.gz,https://www.transfermarkt.co.uk/fc-middlesbrough/startseite/verein/641
667,rc-strassburg-alsace,Strasbourg,FR1,,26,22.7,18,69.2,7,Stade de la Meinau,26109,€-55.40m,,2024,../data/raw/transfermarkt-scraper/2024/clubs.json.gz,https://www.transfermarkt.co.uk/rc-strassburg-alsace/startseite/verein/667
681,real-sociedad-san-sebastian,Real Sociedad,ES1,,26,25.4,8,30.8,10,Reale Arena,39313,+€24.35m,,2024,../data/raw/transfermarkt-scraper/2024/clubs.json.gz,https://www.transfermarkt.co.uk/real-sociedad-san-sebastian/startseite/verein/681
873,crystal-palace,Crystal Palace,GB1,,27,26.1,12,44.4,12,Selhurst Park,25486,+€8.80m,,2024,../data/raw/transfermarkt-scraper/2024/clubs.json.gz,https://www.transfermarkt.co.uk/crystal-palace/startseite/verein/873
1032,fc-reading,Reading FC,GB1,,30,23.1,14,46.7,5,Select Car Leasing Stadium,24161,+€3.06m,,2012,../data/raw/transfermarkt-scraper/2012/clubs.json.gz,https://www.transfermarkt.co.uk/fc-reading/startseite/verein/1032
1039,queens-park-rangers,Queens Park Rangers,GB1,,26,25.9,15,57.7,8,Loftus Road Stadium,18360,+€900k,,2014,../data/raw/transfermarkt-scraper/2014/clubs.json.gz,https://www.transfermarkt.co.uk/queens-park-rangers/startseite/verein/1039
1244,cd-leganes,Leganés,ES1,,23,28.2,11,47.8,3,Butarque,12454,+€195k,,2024,../data/raw/transfermarkt-scraper/2024/clubs.json.gz,https://www.transfermarkt.co.uk/cd-leganes/startseite/verein/1244
14171,thonon-evian-grand-geneve-fc,Thonon Évian Grand Genève FC,FR1,,27,27.4,6,22.2,1,Stade Camille Fournier,2500,+-0,,2014,../data/raw/transfermarkt-scraper/2014/clubs.json.gz,https://www.transfermarkt.co.uk/thonon-evian-grand-geneve-fc/startseite/verein/14171
244,olympique-marseille,Marseille,FR1,,27,26.6,22,81.5,14,Orange Vélodrome,67394,€-9.70m,,2024,../data/raw/transfermarkt-scraper/2024/clubs.json.gz,https://www.transfermarkt.co.uk/olympique-marseille/startseite/verein/244
367,rayo-vallecano,Rayo Vallecano,ES1,,25,29.9,9,36.0,5,Estadio de Vallecas,14708,+€2.00m,,2024,../data/raw/transfermarkt-scraper/2024/clubs.json.gz,https://www.transfermarkt.co.uk/rayo-vallecano/startseite/verein/367
379,west-ham-united,West Ham,GB1,,27,28.5,18,66.7,13,London Stadium,62500,€-98.25m,,2024,../data/raw/transfermarkt-scraper/2024/clubs.json.gz,https://www.transfermarkt.co.uk/west-ham-united/startseite/verein/379
380,us-salernitana-1919,US Salernitana 1919,IT1,,30,24.5,16,53.3,3,Arechi,29739,+€18.80m,,2023,../data/raw/transfermarkt-scraper/2023/clubs.json.gz,https://www.transfermarkt.co.uk/us-salernitana-1919/startseite/verein/380
41,hamburger-sv,Hamburger SV,L1,,30,23.6,15,50.0,4,Volksparkstadion,57000,€-6.00m,,2017,../data/raw/transfermarkt-scraper/2017/clubs.json.gz,https://www.transfermarkt.co.uk/hamburger-sv/startseite/verein/41
79,vfb-stuttgart,Stuttgart,L1,,35,24.1,15,42.9,13,MHPArena Stuttgart,60449,€-11.58m,,2024,../data/raw/transfermarkt-scraper/2024/clubs.json.gz,https://www.transfermarkt.co.uk/vfb-stuttgart/startseite/verein/79
86,sv-werder-bremen,Werder Bremen,L1,,27,26.6,12,44.4,6,Weserstadion,42100,€-1.13m,,2024,../data/raw/transfermarkt-scraper/2024/clubs.json.gz,https://www.transfermarkt.co.uk/sv-werder-bremen/startseite/verein/86
931,fc-fulham,Fulham,GB1,,25,28.3,20,80.0,10,Craven Cottage,29589,€-22.75m,,2024,../data/raw/transfermarkt-scraper/2024/clubs.json.gz,https://www.transfermarkt.co.uk/fc-fulham/startseite/verein/931
1123,norwich-city,Norwich City,GB1,,25,26.0,17,68.0,12,Carrow Road,27244,€-10.33m,,2021,../data/raw/transfermarkt-scraper/2021/clubs.json.gz,https://www.transfermarkt.co.uk/norwich-city/startseite/verein/1123
1531,fc-elche,Elche CF,ES1,,18,27.3,5,27.8,0,Manuel Martínez Valero,31388,+€1.00m,,2022,../data/raw/transfermarkt-scraper/2022/clubs.json.gz,https://www.transfermarkt.co.uk/fc-elche/startseite/verein/1531
583,fc-paris-saint-germain,Paris S-G,FR1,,24,23.8,15,62.5,17,Parc des Princes,48583,€-109.82m,,2024,../data/raw/transfermarkt-scraper/2024/clubs.json.gz,https://www.transfermarkt.co.uk/fc-paris-saint-germain/startseite/verein/583
621,athletic-bilbao,Athletic Club,ES1,,24,27.3,1,4.2,5,San Mamés,53289,€-8.75m,,2024,../data/raw/transfermarkt-scraper/2024/clubs.json.gz,https://www.transfermarkt.co.uk/athletic-bilbao/startseite/verein/621
65,spvgg-greuther-furth,SpVgg Greuther Fürth,L1,,28,24.0,11,39.3,2,Sportpark Ronhof | Thomas Sommer,16626,+€3.97m,,2021,../data/raw/transfermarkt-scraper/2021/clubs.json.gz,https://www.transfermarkt.co.uk/spvgg-greuther-furth/startseite/verein/65
677,ipswich-town,Ipswich Town,GB1,,29,26.9,15,51.7,13,Portman Road,30056,€-150.23m,,2024,../data/raw/transfermarkt-scraper/2024/clubs.json.gz,https://www.transfermarkt.co.uk/ipswich-town/startseite/verein/677
855,ea-guingamp,EA Guingamp,FR1,,27,25.4,7,25.9,1,Stade du Roudourou,18120,+€3.70m,,2018,../data/raw/transfermarkt-scraper/2018/clubs.json.gz,https://www.transfermarkt.co.uk/ea-guingamp/startseite/verein/855
985,manchester-united,Manchester Utd,GB1,,26,26.4,18,69.2,19,Old Trafford,74879,€-143.30m,,2024,../data/raw/transfermarkt-scraper/2024/clubs.json.gz,https://www.transfermarkt.co.uk/manchester-united/startseite/verein/985
1132,fc-burnley,Burnley FC,GB1,,28,24.8,18,64.3,8,Turf Moor,21994,+€50.53m,,2023,../data/raw/transfermarkt-scraper/2023/clubs.json.gz,https://www.transfermarkt.co.uk/fc-burnley/startseite/verein/1132
150,real-betis-sevilla,Betis,ES1,,25,28.3,12,48.0,6,Benito Villamarín,60721,+€20.15m,,2024,../data/raw/transfermarkt-scraper/2024/clubs.json.gz,https://www.transfermarkt.co.uk/real-betis-sevilla/startseite/verein/150
3368,ud-levante,Levante UD,ES1,,23,27.5,6,26.1,0,Ciutat de València,26354,+€7.80m,,2021,../data/raw/transfermarkt-scraper/2021/clubs.json.gz,https://www.transfermarkt.co.uk/ud-levante/startseite/verein/3368
506,juventus-turin,Juventus,IT1,,27,25.5,20,74.1,19,Allianz Stadium,41507,€-87.40m,,2024,../data/raw/transfermarkt-scraper/2024/clubs.json.gz,https://www.transfermarkt.co.uk/juventus-turin/startseite/verein/506
618,as-saint-etienne,Saint-Étienne,FR1,,27,26.8,12,44.4,4,Stade Geoffroy-Guichard,41965,€-8.10m,,2024,../data/raw/transfermarkt-scraper/2024/clubs.json.gz,https://www.transfermarkt.co.uk/as-saint-etienne/startseite/verein/618
1095,es-troyes-ac,ESTAC Troyes,FR1,,29,23.1,16,57.1,5,Stade de l'Aube,21877,+-0,,2022,../data/raw/transfermarkt-scraper/2022/clubs.json.gz,https://www.transfermarkt.co.uk/es-troyes-ac/startseite/verein/1095
1420,sco-angers,Angers,FR1,,28,26.9,16,57.1,7,Stade Raymond Kopa,19350,+€474k,,2024,../data/raw/transfermarkt-scraper/2024/clubs.json.gz,https://www.transfermarkt.co.uk/sco-angers/startseite/verein/1420
23826,rasenballsport-leipzig,RB Leipzig,L1,,26,25.1,19,73.1,17,Red Bull Arena,47069,€-21.50m,,2024,../data/raw/transfermarkt-scraper/2024/clubs.json.gz,https://www.transfermarkt.co.uk/rasenballsport-leipzig/startseite/verein/23826
2687,fc-cadiz,Cádiz CF,ES1,,26,28.7,6,23.1,2,Nuevo Mirandilla,21094,+€4.00m,,2023,../data/raw/transfermarkt-scraper/2023/clubs.json.gz,https://www.transfermarkt.co.uk/fc-cadiz/startseite/verein/2687
2919,ac-monza,Monza,IT1,,31,26.5,11,35.5,3,Brianteo,17102,+€34.75m,,2024,../data/raw/transfermarkt-scraper/2024/clubs.json.gz,https://www.transfermarkt.co.uk/ac-monza/startseite/verein/2919
3524,clermont-foot-63,Clermont Foot 63,FR1,,30,23.9,18,60.0,5,Stade Gabriel-Montpied,10800,+€4.00m,,2023,../data/raw/transfermarkt-scraper/2023/clubs.json.gz,https://www.transfermarkt.co.uk/clermont-foot-63/startseite/verein/3524
398,lazio-rom,Lazio,IT1,,31,26.4,22,71.0,13,Olimpico di Roma,70634,€-27.90m,,2024,../data/raw/transfermarkt-scraper/2024/clubs.json.gz,https://www.transfermarkt.co.uk/lazio-rom/startseite/verein/398
4171,benevento-calcio,Benevento Calcio,IT1,,31,26.7,16,51.6,2,Ciro Vigorito,16867,€-1.93m,,2020,../data/raw/transfermarkt-scraper/2020/clubs.json.gz,https://www.transfermarkt.co.uk/benevento-calcio/startseite/verein/4171
418,real-madrid,Real Madrid,ES1,,24,27.0,17,70.8,19,Santiago Bernabéu,81044,€-33.00m,,2024,../data/raw/transfermarkt-scraper/2024/clubs.json.gz,https://www.transfermarkt.co.uk/real-madrid/startseite/verein/418
6574,us-sassuolo,US Sassuolo,IT1,,32,23.8,11,34.4,7,Mapei Stadium - Città del Tricolore,21584,+€49.15m,,2023,../data/raw/transfermarkt-scraper/2023/clubs.json.gz,https://www.transfermarkt.co.uk/us-sassuolo/startseite/verein/6574
738,ac-le-havre,Le Havre,FR1,,27,26.4,15,55.6,3,Stade Océane,25178,+€11.25m,,2024,../data/raw/transfermarkt-scraper/2024/clubs.json.gz,https://www.transfermarkt.co.uk/ac-le-havre/startseite/verein/738
89,1-fc-union-berlin,Union Berlin,L1,,27,27.6,15,55.6,6,Stadion An der Alten Försterei,22012,+€5.80m,,2024,../data/raw/transfermarkt-scraper/2024/clubs.json.gz,https://www.transfermarkt.co.uk/1-fc-union-berlin/startseite/verein/89
940,celta-vigo,Celta Vigo,ES1,,24,27.0,6,25.0,4,Abanca Balaídos,24870,+€12.50m,,2024,../data/raw/transfermarkt-scraper/2024/clubs.json.gz,https://www.transfermarkt.co.uk/celta-vigo/startseite/verein/940
1387,acn-siena-1904,Siena FC,IT1,,20,25.5,2,10.0,0,Artemio Franchi,15373,+-0,,2012,../data/raw/transfermarkt-scraper/2012/clubs.json.gz,https://www.transfermarkt.co.uk/acn-siena-1904/startseite/verein/1387
1390,cagliari-calcio,Cagliari,IT1,,24,27.1,11,45.8,8,Unipol Domus,16365,+€5.80m,,2024,../data/raw/transfermarkt-scraper/2024/clubs.json.gz,https://www.transfermarkt.co.uk/cagliari-calcio/startseite/verein/1390
1416,amiens-sc,Amiens SC,FR1,,24,24.1,10,41.7,7,Stade Crédit Agricole la Licorne,12999,+€700k,,2019,../data/raw/transfermarkt-scraper/2019/clubs.json.gz,https://www.transfermarkt.co.uk/amiens-sc/startseite/verein/1416
167,fc-augsburg,Augsburg,L1,,27,26.3,17,63.0,9,WWK ARENA,30660,+€25.35m,,2024,../data/raw/transfermarkt-scraper/2024/clubs.json.gz,https://www.transfermarkt.co.uk/fc-augsburg/startseite/verein/167
289,afc-sunderland,Sunderland AFC,GB1,,26,23.5,12,46.2,6,Stadium of Light,48707,€-6.06m,,2016,../data/raw/transfermarkt-scraper/2016/clubs.json.gz,https://www.transfermarkt.co.uk/afc-sunderland/startseite/verein/289
2921,delfino-pescara-1936,Delfino Pescara 1936,IT1,,28,24.6,6,21.4,1,Adriatico,20476,+€4.60m,,2016,../data/raw/transfermarkt-scraper/2016/clubs.json.gz,https://www.transfermarkt.co.uk/delfino-pescara-1936/startseite/verein/2921
3,1-fc-koln,1.FC Köln,L1,,34,24.6,11,32.4,6,RheinEnergieSTADION,50000,+€1.60m,,2023,../data/raw/transfermarkt-scraper/2023/clubs.json.gz,https://www.transfermarkt.co.uk/1-fc-koln/startseite/verein/3
430,ac-florenz,Fiorentina,IT1,,25,25.9,10,40.0,10,Artemio Franchi,43147,€-31.97m,,2024,../data/raw/transfermarkt-scraper/2024/clubs.json.gz,https://www.transfermarkt.co.uk/ac-florenz/startseite/verein/430
5,ac-mailand,Milan,IT1,,26,26.3,20,76.9,14,Giuseppe Meazza,75923,€-70.90m,,2024,../data/raw/transfermarkt-scraper/2024/clubs.json.gz,https://www.transfermarkt.co.uk/ac-mailand/startseite/verein/5
512,stoke-city,Stoke City,GB1,,24,26.7,9,37.5,6,bet365 Stadium,30089,+€17.00m,,2017,../data/raw/transfermarkt-scraper/2017/clubs.json.gz,https://www.transfermarkt.co.uk/stoke-city/startseite/verein/512
826,rc-lens,Lens,FR1,,26,26.8,17,65.4,10,Stade Bollaert-Delelis,38223,+€73.19m,,2024,../data/raw/transfermarkt-scraper/2024/clubs.json.gz,https://www.transfermarkt.co.uk/rc-lens/startseite/verein/826
897,deportivo-la-coruna,Deportivo de La Coruña,ES1,,24,27.7,3,12.5,0,Abanca Riazor,32912,€-435k,,2017,../data/raw/transfermarkt-scraper/2017/clubs.json.gz,https://www.transfermarkt.co.uk/deportivo-la-coruna/startseite/verein/897
11,fc-arsenal,Arsenal,GB1,,24,26.8,18,75.0,19,Emirates Stadium,60704,€-25.11m,,2024,../data/raw/transfermarkt-scraper/2024/clubs.json.gz,https://www.transfermarkt.co.uk/fc-arsenal/startseite/verein/11
1627,catania-calcio,Catania FC,IT1,,27,26.0,5,18.5,0,Cibali - Angelo Massimino,20204,€-101k,,2013,../data/raw/transfermarkt-scraper/2013/clubs.json.gz,https://www.transfermarkt.co.uk/catania-calcio/startseite/verein/1627
16795,fc-granada,Granada CF,ES1,,24,26.1,8,33.3,4,Nuevo Los Cármenes,19336,+€19.70m,,2023,../data/raw/transfermarkt-scraper/2023/clubs.json.gz,https://www.transfermarkt.co.uk/fc-granada/startseite/verein/16795
2239,us-cremonese,US Cremonese,IT1,,29,25.4,9,30.0,2,Giovanni Zini,16003,+€5.00m,,2022,../data/raw/transfermarkt-scraper/2022/clubs.json.gz,https://www.transfermarkt.co.uk/us-cremonese/startseite/verein/2239
252,genua-cfc,Genoa,IT1,,29,26.5,18,62.1,6,Luigi Ferraris,34901,+€12.94m,,2024,../data/raw/transfermarkt-scraper/2024/clubs.json.gz,https://www.transfermarkt.co.uk/genua-cfc/startseite/verein/252
281,manchester-city,Manchester City,GB1,,28,26.7,21,75.0,21,Etihad Stadium,55097,€-102.00m,,2024,../data/raw/transfermarkt-scraper/2024/clubs.json.gz,https://www.transfermarkt.co.uk/manchester-city/startseite/verein/281
3302,ud-almeria,UD Almería,ES1,,24,25.2,13,54.2,5,Power Horse Stadium,18331,€-1.60m,,2023,../data/raw/transfermarkt-scraper/2023/clubs.json.gz,https://www.transfermarkt.co.uk/ud-almeria/startseite/verein/3302
39,1-fsv-mainz-05,Mainz 05,L1,,24,27.2,10,41.7,7,Mewa Arena,33305,+€26.25m,,2024,../data/raw/transfermarkt-scraper/2024/clubs.json.gz,https://www.transfermarkt.co.uk/1-fsv-mainz-05/startseite/verein/39
405,aston-villa,Aston Villa,GB1,,24,27.7,16,66.7,15,Villa Park,42918,+€42.97m,,2024,../data/raw/transfermarkt-scraper/2024/clubs.json.gz,https://www.transfermarkt.co.uk/aston-villa/startseite/verein/405
543,wolverhampton-wanderers,Wolves,GB1,,31,26.4,27,87.1,15,Molineux Stadium,31750,€-8.21m,,2024,../data/raw/transfermarkt-scraper/2024/clubs.json.gz,https://www.transfermarkt.co.uk/wolverhampton-wanderers/startseite/verein/543
60,sc-freiburg,Freiburg,L1,,27,27.4,12,44.4,6,Europa-Park Stadion,34700,€-7.10m,,2024,../data/raw/transfermarkt-scraper/2024/clubs.json.gz,https://www.transfermarkt.co.uk/sc-freiburg/startseite/verein/60
714,espanyol-barcelona,Espanyol,ES1,,28,26.1,8,28.6,3,RCDE Stadium,40500,+€1.10m,,2024,../data/raw/transfermarkt-scraper/2024/clubs.json.gz,https://www.transfermarkt.co.uk/espanyol-barcelona/startseite/verein/714
862,chievo-verona,Chievo Verona,IT1,,0,,0,,0,Marcantonio Bentegodi,31045,+-0,,2018,../data/raw/transfermarkt-scraper/2018/clubs.json.gz,https://www.transfermarkt.co.uk/chievo-verona/startseite/verein/862
8970,frosinone-calcio,Frosinone Calcio,IT1,,31,23.8,15,48.4,5,Benito Stirpe,16227,+€5.81m,,2023,../data/raw/transfermarkt-scraper/2023/clubs.json.gz,https://www.transfermarkt.co.uk/frosinone-calcio/startseite/verein/8970
12321,fc-girona,Girona,ES1,,26,27.6,15,57.7,6,Montilivi,14624,+€11.00m,,2024,../data/raw/transfermarkt-scraper/2024/clubs.json.gz,https://www.transfermarkt.co.uk/fc-girona/startseite/verein/12321
127,sc-paderborn-07,SC Paderborn 07,L1,,26,25.7,5,19.2,1,Home Deluxe Arena,15000,€-450k,,2019,../data/raw/transfermarkt-scraper/2019/clubs.json.gz,https://www.transfermarkt.co.uk/sc-paderborn-07/startseite/verein/127
19,brescia-calcio,Brescia Calcio,IT1,,28,25.1,12,42.9,1,Mario Rigamonti,19550,+€3.65m,,2019,../data/raw/transfermarkt-scraper/2019/clubs.json.gz,https://www.transfermarkt.co.uk/brescia-calcio/startseite/verein/19
23,eintracht-braunschweig,Eintracht Braunschweig,L1,,30,25.6,11,36.7,2,EINTRACHT-Stadion,23325,+€750k,,2013,../data/raw/transfermarkt-scraper/2013/clubs.json.gz,https://www.transfermarkt.co.uk/eintracht-braunschweig/startseite/verein/23
33,fc-schalke-04,FC Schalke 04,L1,,27,26.4,12,44.4,4,Veltins-Arena,62271,+€10.30m,,2022,../data/raw/transfermarkt-scraper/2022/clubs.json.gz,https://www.transfermarkt.co.uk/fc-schalke-04/startseite/verein/33
350,sheffield-united,Sheffield United,GB1,,28,24.2,11,39.3,5,Bramall Lane,32702,+€31.02m,,2023,../data/raw/transfermarkt-scraper/2023/clubs.json.gz,https://www.transfermarkt.co.uk/sheffield-united/startseite/verein/350
472,ud-las-palmas,Las Palmas,ES1,,25,27.5,9,36.0,2,Estadio de Gran Canaria,32400,+€3.50m,,2024,../data/raw/transfermarkt-scraper/2024/clubs.json.gz,https://www.transfermarkt.co.uk/ud-las-palmas/startseite/verein/472
1005,us-lecce,Lecce,IT1,,34,25.0,29,85.3,8,Ettore Giardiniero,31559,+€45.50m,,2024,../data/raw/transfermarkt-scraper/2024/clubs.json.gz,https://www.transfermarkt.co.uk/us-lecce/startseite/verein/1005
1038,sampdoria-genua,UC Sampdoria,IT1,,33,24.3,5,15.6,4,Luigi Ferraris,36348,+€1.75m,,2022,../data/raw/transfermarkt-scraper/2022/clubs.json.gz,https://www.transfermarkt.co.uk/sampdoria-genua/startseite/verein/1038
1210,as-livorno,US Livorno 1915,IT1,,29,24.1,5,17.2,0,Armando Picchi,19238,+-0,,2013,../data/raw/transfermarkt-scraper/2013/clubs.json.gz,https://www.transfermarkt.co.uk/as-livorno/startseite/verein/1210
1533,sd-eibar,SD Eibar,ES1,,26,28.3,5,19.2,0,Ipurua,8164,+€2.60m,,2020,../data/raw/transfermarkt-scraper/2020/clubs.json.gz,https://www.transfermarkt.co.uk/sd-eibar/startseite/verein/1533
180,fc-southampton,Southampton,GB1,,30,26.1,17,56.7,10,St Mary's Stadium,32384,€-80.56m,,2024,../data/raw/transfermarkt-scraper/2024/clubs.json.gz,https://www.transfermarkt.co.uk/fc-southampton/startseite/verein/180
2448,sporting-gijon,Sporting Gijón,ES1,,28,26.2,10,35.7,2,El Molinón - Enrique Castro Quini,29029,+€5.23m,,2016,../data/raw/transfermarkt-scraper/2016/clubs.json.gz,https://www.transfermarkt.co.uk/sporting-gijon/startseite/verein/2448
368,fc-sevilla,Sevilla,ES1,,23,26.1,13,56.5,8,Ramón Sánchez-Pizjuán,43883,+€16.55m,,2024,../data/raw/transfermarkt-scraper/2024/clubs.json.gz,https://www.transfermarkt.co.uk/fc-sevilla/startseite/verein/368
38,fortuna-dusseldorf,Fortuna Düsseldorf,L1,,29,25.9,12,41.4,2,MERKUR SPIEL-ARENA,54600,+€600k,,2019,../data/raw/transfermarkt-scraper/2019/clubs.json.gz,https://www.transfermarkt.co.uk/fortuna-dusseldorf/startseite/verein/38
415,fc-toulouse,Toulouse,FR1,,25,25.0,17,68.0,10,Stadium Municipal,33150,+€47.80m,,2024,../data/raw/transfermarkt-scraper/2024/clubs.json.gz,https://www.transfermarkt.co.uk/fc-toulouse/startseite/verein/415
416,fc-turin,Torino,IT1,,29,26.9,24,82.8,15,Olimpico Grande Torino,28177,+€21.90m,,2024,../data/raw/transfermarkt-scraper/2024/clubs.json.gz,https://www.transfermarkt.co.uk/fc-turin/startseite/verein/416
417,ogc-nizza,Nice,FR1,,27,26.2,17,63.0,12,Allianz Riviera,36178,+€3.30m,,2024,../data/raw/transfermarkt-scraper/2024/clubs.json.gz,https://www.transfermarkt.co.uk/ogc-nizza/startseite/verein/417
44,hertha-bsc,Hertha BSC,L1,,36,24.1,14,38.9,7,Olympiastadion Berlin,74667,+€6.70m,,2022,../data/raw/transfermarkt-scraper/2022/clubs.json.gz,https://www.transfermarkt.co.uk/hertha-bsc/startseite/verein/44
631,fc-chelsea,Chelsea,GB1,,30,23.7,18,60.0,14,Stamford Bridge,41631,€-47.10m,,2024,../data/raw/transfermarkt-scraper/2024/clubs.json.gz,https://www.transfermarkt.co.uk/fc-chelsea/startseite/verein/631
749,fc-empoli,Empoli,IT1,,28,26.3,16,57.1,4,Carlo Castellani,19847,+€11.05m,,2024,../data/raw/transfermarkt-scraper/2024/clubs.json.gz,https://www.transfermarkt.co.uk/fc-empoli/startseite/verein/749
10,arminia-bielefeld,Arminia Bielefeld,L1,,27,25.3,15,55.6,4,SchücoArena,26515,+€5.90m,,2021,../data/raw/transfermarkt-scraper/2021/clubs.json.gz,https://www.transfermarkt.co.uk/arminia-bielefeld/startseite/verein/10
1049,fc-valencia,Valencia,ES1,,26,25.9,9,34.6,5,Mestalla,49430,+€28.65m,,2024,../data/raw/transfermarkt-scraper/2024/clubs.json.gz,https://www.transfermarkt.co.uk/fc-valencia/startseite/verein/1049
27,fc-bayern-munchen,Bayern Munich,L1,,26,27.7,15,57.7,17,Allianz Arena,75000,€-64.65m,,2024,../data/raw/transfermarkt-scraper/2024/clubs.json.gz,https://www.transfermarkt.co.uk/fc-bayern-munchen/startseite/verein/27
29,fc-everton,Everton,GB1,,25,28.0,15,60.0,11,Goodison Park,39414,+€33.45m,,2024,../data/raw/transfermarkt-scraper/2024/clubs.json.gz,https://www.transfermarkt.co.uk/fc-everton/startseite/verein/29
290,aj-auxerre,Auxerre,FR1,,28,25.3,17,60.7,9,Stade de l'Abbé-Deschamps,18541,+€1.00m,,2024,../data/raw/transfermarkt-scraper/2024/clubs.json.gz,https://www.transfermarkt.co.uk/aj-auxerre/startseite/verein/290
347,fc-metz,FC Metz,FR1,,26,25.0,19,73.1,7,Stade Saint-Symphorien,28786,+€21.90m,,2023,../data/raw/transfermarkt-scraper/2023/clubs.json.gz,https://www.transfermarkt.co.uk/fc-metz/startseite/verein/347
399,leeds-united,Leeds United,GB1,,27,24.6,18,66.7,9,Elland Road,37890,+€930k,,2022,../data/raw/transfermarkt-scraper/2022/clubs.json.gz,https://www.transfermarkt.co.uk/leeds-united/startseite/verein/399
4083,fc-crotone,FC Crotone,IT1,,25,27.0,6,24.0,1,Ezio Scida,16640,+€3.90m,,2020,../data/raw/transfermarkt-scraper/2020/clubs.json.gz,https://www.transfermarkt.co.uk/fc-crotone/startseite/verein/4083
533,tsg-1899-hoffenheim,Hoffenheim,L1,,33,26.0,22,66.7,12,PreZero Arena,30150,€-44.40m,,2024,../data/raw/transfermarkt-scraper/2024/clubs.json.gz,https://www.transfermarkt.co.uk/tsg-1899-hoffenheim/startseite/verein/533
607,venezia-fc,Venezia,IT1,,30,26.2,23,76.7,10,Pier Luigi Penzo,12048,€-3.50m,,2024,../data/raw/transfermarkt-scraper/2024/clubs.json.gz,https://www.transfermarkt.co.uk/venezia-fc/startseite/verein/607
800,atalanta-bergamo,Atalanta,IT1,,26,27.7,14,53.8,18,Gewiss Stadium,24950,+€11.45m,,2024,../data/raw/transfermarkt-scraper/2024/clubs.json.gz,https://www.transfermarkt.co.uk/atalanta-bergamo/startseite/verein/800
984,west-bromwich-albion,West Bromwich Albion,GB1,,25,27.8,8,32.0,4,The Hawthorns,26850,€-1.35m,,2020,../data/raw/transfermarkt-scraper/2020/clubs.json.gz,https://www.transfermarkt.co.uk/west-bromwich-albion/startseite/verein/984
